,hd-name,folder-name,file-name,video-name
0,April,Pa_Wed_7dpf_GroupA_n2b_20210407,Pa_Wed_7dpf_GroupA_n2b_20210407_2021-04-07-125752-0000.raw,Pa_Wed_7dpf_GroupA_n2b_20210407_2021-04-07-125752
1,April,Pa_Wed_7dpf_GroupA_n2c_20210407,Pa_Wed_7dpf_GroupA_n2c_20210407_2021-04-07-133548-0000.raw,Pa_Wed_7dpf_GroupA_n2c_20210407_2021-04-07-133548
2,April,Pa_Wed_7dpf_GroupB_n2b_20210407,Pa_Wed_7dpf_GroupB_n2b_20210407_2021-04-07-141234-0000.raw,Pa_Wed_7dpf_GroupB_n2b_20210407_2021-04-07-141234
3,April,sf_wed_7dpf_groupA_n2b_202104141325,sf_wed_7dpf_groupA_n2b_20210414_2021-04-14-132517-0000.raw,sf_wed_7dpf_groupA_n2b_20210414_2021-04-14-132517
4,April,sf_wed_7dpf_groupA_n2c_202104141508,sf_wed_groupA_n2c_2021-04-14-150846-0000.raw,sf_wed_groupA_n2c_2021-04-14-150846
5,April,sf_wed_7dpf_groupA_n2d_202104141508,sf_wed_7dpf_groupA_n2d_2021-04-14-150847-0000.raw,sf_wed_7dpf_groupA_n2d_2021-04-14-150847
6,April,sf_wed_7dpf_groupA_n2_202104141325,sf_wed_groupA_n2_20210414_2021-04-14-132512-0000.raw,sf_wed_groupA_n2_20210414_2021-04-14-132512
7,April,sf_wed_7dpf_groupA_n5b_202104141508,sf_wed_groupa_n5b_2021-04-14-150847-0000.raw,sf_wed_groupa_n5b_2021-04-14-150847
8,April,sf_wed_7dpf_groupA_n5_202104141325,sf_wed_7_dpf_groupA_n5_2021041_2021-04-14-132515-0000.raw,sf_wed_7_dpf_groupA_n5_2021041_2021-04-14-132515
9,April,sf_wed_7dpf_groupb_n2b_202104141600,sf_wed_7dpf_groupb_n2b_2021-04-14-160030-0000.raw,sf_wed_7dpf_groupb_n2b_2021-04-14-160030
10,April,sf_wed_7dpf_groupB_n2c_202104141653,sf_wed_7dpf_groupB_n2c_2021-04-14-165345-0000.raw,sf_wed_7dpf_groupB_n2c_2021-04-14-165345
11,April,sf_wed_7dpf_groupB_n2d_202104141653,sf_wed_7dpf_groupB_n2d_2021-04-14-165351-0000.raw,sf_wed_7dpf_groupB_n2d_2021-04-14-165351
12,April,SF_wed_7dpf_groupB_n2_202104141556,SF_wed_7dpf_groupB_n2b_2021-04-14-155647-0000.raw,SF_wed_7dpf_groupB_n2b_2021-04-14-155647
13,April,sf_wed_7dpf_groupB_n5b_202104141653,sf_wed_7dpf_groupB_n5b_2021-04-14-165340-0000.raw,sf_wed_7dpf_groupB_n5b_2021-04-14-165340
14,April,sf_wed_7dpf_groupB_n5_202104141556,sf_wed_7dpf_groupB_n5_2021-04-14-155646-0000.raw,sf_wed_7dpf_groupB_n5_2021-04-14-155646
15,April,Pa_sat_7dpf_GroupA_n2a_202104171441,Pa_sat_7dpf_GroupA_n2a_20210417_2021-04-17-144122-0000.raw,Pa_sat_7dpf_GroupA_n2a_20210417_2021-04-17-144122
16,April,pa_sat_7dpf_groupA_n2b_202104171440,pa_sat_7dpf_groupA_n2b_20210417_2021-04-17-114135-0000.raw,pa_sat_7dpf_groupA_n2b_20210417_2021-04-17-114135
17,April,pa_sat_7dpf_groupA_n2c_202104171441,pa_sat_7dpf_groupA_n2c_20210417_2021-04-17-144132-0000.raw,pa_sat_7dpf_groupA_n2c_20210417_2021-04-17-144132
18,April,Pa_sat_7dpf_GroupA_n2d_202104171518,Pa_sat_7dpf_GroupA_n2d_20210417_2021-04-17-151833-0000.raw,Pa_sat_7dpf_GroupA_n2d_20210417_2021-04-17-151833
19,April,pa_sat_7dpf_groupA_n2e_202104171518,pa_sat_7dpf_groupA_n2e_20210417_2021-04-17-121842-0000.raw,pa_sat_7dpf_groupA_n2e_20210417_2021-04-17-121842
20,April,pa_sat_7dpf_groupA_n2f_202104171518,pa_sat_7dpf_groupA_n2f_202100417_2021-04-17-151834-0000.raw,pa_sat_7dpf_groupA_n2f_202100417_2021-04-17-151834
21,April,Pa_sat_7dpf_GroupA_n5b_202104171322,Pa_sat_7dpf_GroupA_n5b_20210417_2021-04-17-132153-0000.raw,Pa_sat_7dpf_GroupA_n5b_20210417_2021-04-17-132153
22,April,pa_sat_7dpf_groupA_n5c_202104171322,pa_sat_7dpf_groupA_n5c_20210417_2021-04-17-102204-0000.raw,pa_sat_7dpf_groupA_n5c_20210417_2021-04-17-102204
23,April,pa_sat_7dpf_groupA_n5d_202104171405,pa_sat_7dpf_groupA_n5d_20210417_2021-04-17-110402-0000.raw,pa_sat_7dpf_groupA_n5d_20210417_2021-04-17-110402
24,April,pa_sat_7dpf_groupA_n5e_202104171405,pa_sat_7dpf_groupA_n5e_20210417_2021-04-17-140401-0000.raw,pa_sat_7dpf_groupA_n5e_20210417_2021-04-17-140401
25,April,pa_sat_7dpf_groupA_n5f_202104171405,pa_sat_7dpf_groupA_n5f_20210417_2021-04-17-140347-0000.raw,pa_sat_7dpf_groupA_n5f_20210417_2021-04-17-140347
26,April,pa_sat_7dpf_groupA_n5g_202104171603,pa_sat_7dpf_groupA_n5g_20210417_2021-04-17-130225-0000.raw,pa_sat_7dpf_groupA_n5g_20210417_2021-04-17-130225
27,April,pa_sat_7dpf_groupA_n5_202104171405,pa_sat_7dpf_n5_20210417_2021-04-17-132154-0000.raw,pa_sat_7dpf_n5_20210417_2021-04-17-132154
28,April,Pa_sat_7dpf_GroupB_n1b_202104171803,Pa_sat_7dpf_GroupB_n1b_20210417_2021-04-17-180339-0000.raw,Pa_sat_7dpf_GroupB_n1b_20210417_2021-04-17-180339
29,April,pa_sat_7dpf_groupB_n1c_202104171803,pa_sat_7dpf_groupB_n1c_20210417_2021-04-17-150343-0000.raw,pa_sat_7dpf_groupB_n1c_20210417_2021-04-17-150343
30,April,Pa_sat_7dpf_GroupB_n1d_202104171803,Pa_sat_7dpf_GroupB_n1d_2021-04-17-180347-0000.raw,Pa_sat_7dpf_GroupB_n1d_2021-04-17-180347
31,April,pa_sat_7dpf_GroupB_n1e_202104171836,pa_sat_7dpf_GroupB_n1e_20210417_2021-04-17-183601-0000.raw,pa_sat_7dpf_GroupB_n1e_20210417_2021-04-17-183601
32,April,pa_sat_7dpf_groupB_n1f_202104171836,pa_sat_7dpf_groupB_n1f_20210417_2021-04-17-153605-0000.raw,pa_sat_7dpf_groupB_n1f_20210417_2021-04-17-153605
33,April,Pa_sat_7dpf_GroupB_n1g_202104171836,Pa_sat_7dpf_GroupB_n1g_20210417_2021-04-17-183608-0000.raw,Pa_sat_7dpf_GroupB_n1g_20210417_2021-04-17-183608
34,April,Pa_sat_7dpf_GroupB_n2g_202104171729,Pa_sat_7dpf_GroupB_n2g_20210417_2021-04-17-172950-0000.raw,Pa_sat_7dpf_GroupB_n2g_20210417_2021-04-17-172950
35,April,Pa_sat_7dpf_GroupB_n5h_202104171750,Pa_sat_7dpf_GroupB_n5h_20210417_2021-04-17-164940-0000.raw,Pa_sat_7dpf_GroupB_n5h_20210417_2021-04-17-164940
36,April,Pa_sat_7dpf_GroupB_n5i_202104171750,Pa_sat_7dpf_GroupB_n5i_2021-04-17-164947-0000.raw,Pa_sat_7dpf_GroupB_n5i_2021-04-17-164947
37,April,pa_wed_28dpf_groupA_n2b_202104281846,pa_wed_28dpf_groupA_n2b_2021-04-28-184332-0000.raw,pa_wed_28dpf_groupA_n2b_2021-04-28-184332
38,April,pa_wed_28dpf_groupA_n5_202104281846,pa_wed_groupA_n5_2021-04-28-145536-0000.raw,pa_wed_groupA_n5_2021-04-28-145536
39,April,pa_wed_28dpf_groupB_n2c_202104281549,pa_wed_28dpf_groupB_n2c_2021-04-28-154913-0000.raw,pa_wed_28dpf_groupB_n2c_2021-04-28-154913
40,April,pa_wed_28dpf_GroupC_n2_202104281415_PGM,pa_wed_28dpf_GroupC_n2_20210428_2021-04-28-111500-0000.pgm,pa_wed_28dpf_GroupC_n2_20210428_2021-04-28-111500_PGM
41,April,pa_wed_28dpf_GroupD_n2b_202104281636,pa_wed_28dpf_GroupD_n2b_2021-04-28-133556-0000.raw,pa_wed_28dpf_GroupD_n2b_2021-04-28-133556
42,April,pa_wed_28dpf_groupD_n2c_202104281712,pa_wed_28dpf_groupD_n2c_2021-04-28-171114-0000.raw,pa_wed_28dpf_groupD_n2c_2021-04-28-171114
43,April,pa_wed_28dpf_GroupD_n2d_202104281712,pa_wed_28dpf_GroupD_n2d_2021-04-28-141114-0000.raw,pa_wed_28dpf_GroupD_n2d_2021-04-28-141114
44,April,pa_wed_28dpf_groupD_n2_202104281636,pa_wed_28dpf_groupD_n2_2021-04-28-163601-0000.raw,pa_wed_28dpf_groupD_n2_2021-04-28-163601
45,EarlyMay,sf_wed_28dpf_groupB_n2_20210505,sf_wed_28dpf_groupB_n2_20210505_2021-05-05-135641-0000.raw,sf_wed_28dpf_groupB_n2_20210505_2021-05-05-135641
46,EarlyMay,sf_wed_28dpf_groupA_n2c_20210505,sf_wed_28dpf_groupA_n2c_20210505_2021-05-05-161434-0000.raw,sf_wed_28dpf_groupA_n2c_20210505_2021-05-05-161434
47,EarlyMay,sf_wed_28dpf_groupA_n2d_20210505,sf_wed_28dpf_groupA_n2d_20210505_2021-05-05-170344-0000.raw,sf_wed_28dpf_groupA_n2d_20210505_2021-05-05-170344
48,EarlyMay,sf_wed_28dpf_groupA_n2_20210505,sf_wed_28dpf_groupA_n2_20210505_2021-05-05-151335-0000.raw,sf_wed_28dpf_groupA_n2_20210505_2021-05-05-151335
49,EarlyMay,sf_wed_28dpf_groupA_n5_20210505,sf_wed_28dpf_groupA_n5_20210505_2021-05-05-151312-0000.raw,sf_wed_28dpf_groupA_n5_20210505_2021-05-05-151312
50,EarlyMay,sf_wed_28dpf_groupB_n2c_20210505,sf_wed_28dpf_groupB_n2_2021c0505_2021-05-05-143432-0000.raw,sf_wed_28dpf_groupB_n2_2021c0505_2021-05-05-143432
51,EarlyMay,sf_wed_28dpf_groupB_n5_20210505,sf_wed_28dpf_groupB_n5_20210505_2021-05-05-135619-0000.raw,sf_wed_28dpf_groupB_n5_20210505_2021-05-05-135619
52,EarlyMay,pa_sat_28dpf_groupA_n5b_20210508,pa_sat_28dpf_groupA_n5b_20210508_2021-05-08-101113-0000.pgm,pa_sat_28dpf_groupA_n5b_20210508_2021-05-08-101113
53,EarlyMay,pa_sat_28dpf_groupA_n5c_20210508,pa_sat_28dpf_groupA_n5b_20210508_2021-05-08-105254-0000.raw,pa_sat_28dpf_groupA_n5b_20210508_2021-05-08-105254
54,EarlyMay,pa_sat_28dpf_groupA_n5_20210508,pa_sat_28dpf_groupA_n5_20210508_2021-05-08-101343-0000.raw,pa_sat_28dpf_groupA_n5_20210508_2021-05-08-101343
55,EarlyMay,pa_sat_28dpf_groupB_n2b_20210508,pa_sat_28dpf_groupB_n2b_20210508_2021-05-08-100918-0000.raw,pa_sat_28dpf_groupB_n2b_20210508_2021-05-08-100918
56,EarlyMay,pa_sat_28dpf_groupB_n2_20210508,pa_sat_28dpf_groupB_n2_20210508_2021-05-08-093051-0000.pgm,pa_sat_28dpf_groupB_n2_20210508_2021-05-08-093051
57,EarlyMay,pa_sat_28dpf_groupB_n5b_20210508,pa_sat_28dpf_groupB_n5b_20210508_2021-05-08-093322-0000.raw,pa_sat_28dpf_groupB_n5b_20210508_2021-05-08-093322
58,EarlyMay,pa_sat_28dpf_groupB_n5_20210508,pa_sat_28dpf_groupB_n5_20210508_2021-05-08-092856-0000.raw,pa_sat_28dpf_groupB_n5_20210508_2021-05-08-092856
59,EarlyMay,pa_wed_42dpf_groupA_n2_20210512,pa_wed_42dpf_groupA_n2_20210512_2021-05-12-142802-0000.raw,pa_wed_42dpf_groupA_n2_20210512_2021-05-12-142802
60,EarlyMay,pa_wed_42dpf_groupA_n5_20210512,pa_wed_42dpf_groupA_n5_20210512_2021-05-12-135416-0000.raw,pa_wed_42dpf_groupA_n5_20210512_2021-05-12-135416
61,EarlyMay,pa_wed_42dpf_groupB_n2b_20210512,pa_wed_42dpf_groupB_n2b_20210512_2021-05-12-123022-0000.raw,pa_wed_42dpf_groupB_n2b_20210512_2021-05-12-123022
62,EarlyMay,pa_wed_42dpf_groupB_n2_20210512,pa_wed_42dpf_groupB_n2_20210512_2021-05-12-115522-0000.raw,pa_wed_42dpf_groupB_n2_20210512_2021-05-12-115522
63,EarlyMay,pa_wed_42dpf_groupB_n5_20210512,pa_wed_42dpf_groupB_n5_20210512_2021-05-12-115054-0000.raw,pa_wed_42dpf_groupB_n5_20210512_2021-05-12-115054
64,EarlyMay,pa_wed_42dpf_groupC_n2_20210512,pa_wed_42dpf_groupC_n2_20210512_2021-05-12-131010-0000.raw,pa_wed_42dpf_groupC_n2_20210512_2021-05-12-131010
65,EarlyMay,pa_wed_42dpf_groupC_n5b_20210512,pa_wed_42dpf_groupC_n5b_20210512_2021-05-12-131438-0000.raw,pa_wed_42dpf_groupC_n5b_20210512_2021-05-12-131438
66,EarlyMay,pa_wed_42dpf_groupC_n5d_20210512,pa_wed_42dpf_groupC_n5d_20210512_2021-05-12-134955-0000.raw,pa_wed_42dpf_groupC_n5d_20210512_2021-05-12-134955
67,EarlyMay,pa_wed_42dpf_groupC_n5_20210512,pa_wed_42dpf_groupC_n5_20210512_2021-05-12-123451-0000.raw,pa_wed_42dpf_groupC_n5_20210512_2021-05-12-123451
68,EarlyMay,pa_wed_42dpf_groupD_n2b_20210512,pa_wed_42dpf_groupD_n2b_20210512_2021-05-12-150932-0000.raw,pa_wed_42dpf_groupD_n2b_20210512_2021-05-12-150932
69,EarlyMay,pa_wed_42dpf_groupD_n2_20210512,pa_wed_42dpf_groupD_n2_20210512_2021-05-12-150503-0000.raw,pa_wed_42dpf_groupD_n2_20210512_2021-05-12-150503
70,EarlyMay,pa_wed_42dpf_groupD_n5_20210512,pa_wed_42dpf_groupD_n5_20210512_2021-05-12-143231-0000.raw,pa_wed_42dpf_groupD_n5_20210512_2021-05-12-143231
71,midMay,SF_thur_7dpf_groupA_n2b_20210513,SF_thur_7dpf_groupA_n2b_20210513_2021-05-13-113550-0000.raw,SF_thur_7dpf_groupA_n2b_20210513_2021-05-13-113550
72,midMay,SF_thur_7dpf_groupA_n2_20210513,SF_thur_7dpf_groupA_n2_20210513_2021-05-13-105144-0000.pgm,SF_thur_7dpf_groupA_n2_20210513_2021-05-13-105144
73,EarlyMay,sf_thur_7dpf_groupA_n5b_20210513,sf_thur_7dpf_groupA_n5b_20210513_2021-05-13-142401-0000.raw,sf_thur_7dpf_groupA_n5b_20210513_2021-05-13-142401
74,midMay,SF_thur_7dpf_groupA_n5c_20210513,SF_thur_7dpf_groupA_n5c_20210513_2021-05-13-121423-0000.raw,SF_thur_7dpf_groupA_n5c_20210513_2021-05-13-121423
75,midMay,sf_thur_7dpf_groupA_n5e_20210513,sf_thur_7dpf_groupA_n5e_20210513_2021-05-13-121003-0000.raw,sf_thur_7dpf_groupA_n5e_20210513_2021-05-13-121003
76,midMay,sf_thur_7dpf_groupB_n1c_20210513,sf_thur_7dpf_groupB_n1c_20210513_2021-05-13-132816-0000.raw,sf_thur_7dpf_groupB_n1c_20210513_2021-05-13-132816
77,midMay,sf_thur_7dpf_groupB_n1d_20210513,sf_thur_7dpf_groupB_n1d_20210513_2021-05-13-140501-0000.raw,sf_thur_7dpf_groupB_n1d_20210513_2021-05-13-140501
78,midMay,sf_thur_7dpf_groupB_n1e_20210513,sf_thur_7dpf_groupB_n1e_20210513_2021-05-13-140041-0000.raw,sf_thur_7dpf_groupB_n1e_20210513_2021-05-13-140041
79,midMay,sf_thur_7dpf_groupB_n1_20210513,sf_thur_7dpf_groupB_n1_20210513_2021-05-13-133235-0000.raw,sf_thur_7dpf_groupB_n1_20210513_2021-05-13-133235
80,midMay,sf_thur_7dpf_groupB_n5c_20210513,sf_thur_7dpf_groupB_n5c_20210513_2021-05-13-125153-0000.raw,sf_thur_7dpf_groupB_n5c_20210513_2021-05-13-125153
81,midMay,sf_thur_7dpf_groupB_n5_20210513,sf_thur_7dpf_groupB_n5_20210513_2021-05-13-125622-0000.raw,sf_thur_7dpf_groupB_n5_20210513_2021-05-13-125622
82,July,sf_thur_42dpf_groupA_n5_20210617,sf_thur_42dpf_groupA_n5_20210617_2021-06-17-143759-0000.raw,sf_thur_42dpf_groupA_n5_20210617_2021-06-17-143759
83,July,sf_thur_42dpf_groupB_n5_20210617,sf_thur_42dpf_groupB_n5_20210617_2021-06-17-151602-0000.raw,sf_thur_42dpf_groupB_n5_20210617_2021-06-17-151602
84,July,sf_sun_56dpf_groupA_n2b_20210621,sf_sun_56dpf_groupA_n2b_20210621_2021-06-21-115458-0000.raw,sf_sun_56dpf_groupA_n2b_20210621_2021-06-21-115458
85,July,sf_sun_56dpf_groupA_n2_20210621,sf_sun_56dpf_groupA_n2_20210621_2021-06-21-112228-0000.raw,sf_sun_56dpf_groupA_n2_20210621_2021-06-21-112228
86,July,sf_sun_56dpf_groupA_n5_20210621,sf_sun_56dpf_groupA_n5_20210621_2021-06-21-104817-0000.raw,sf_sun_56dpf_groupA_n5_20210621_2021-06-21-104817
87,July,sf_sun_56dpf_groupB_n1_20210621,sf_sun_56dpf_groupB_n1_20210621_2021-06-21-154052-0000.raw,sf_sun_56dpf_groupB_n1_20210621_2021-06-21-154052
88,July,sf_sun_56dpf_groupC_n2_20210621,sf_sun_56dpf_groupC_n2_20210621_2021-06-21-091456-0000.raw,sf_sun_56dpf_groupC_n2_20210621_2021-06-21-091456
89,July,sf_sun_56dpf_groupD_n2_20210621,sf_sun_56dpf_groupD_n2_20210621_2021-06-21-101530-0000.raw,sf_sun_56dpf_groupD_n2_20210621_2021-06-21-101530
90,July,pa_thur_42dpf_groupA_n2b_20210701,pa_thur_42dpf_groupA_n2b_20210701_2021-07-01-090547-0000.raw,pa_thur_42dpf_groupA_n2b_20210701_2021-07-01-090547
91,July,pa_thur_42dpf_groupA_n2_20210701,pa_thur_42dpf_groupA_n2_20210701_2021-07-01-083049-0000.raw,pa_thur_42dpf_groupA_n2_20210701_2021-07-01-083049
92,July,pa_thur_42dpf_groupB_n5_20210701,pa_thur_42dpf_groupB_n5_20210701_2021-07-01-094419-0000.raw,pa_thur_42dpf_groupB_n5_20210701_2021-07-01-094419
93,July,PA_Sat_42dpf_GroupA_n1a_20210703,PA_Sat_42dpf_GroupA_n1a_20210703_2021-07-03-152344-0000.raw,PA_Sat_42dpf_GroupA_n1a_20210703_2021-07-03-152344
94,July,PA_sat_42dpf_GroupA_n1b_20210703,PA_sat_42dpf_GroupA_n1b_20210703_2021-07-03-152309-0000.raw,PA_sat_42dpf_GroupA_n1b_20210703_2021-07-03-152309
95,July,PA_Sat_42dpf_GroupA_n1c_20210703,PA_Sat_42dpf_GroupA_n1c_20210703_2021-07-03-155853-0000.raw,PA_Sat_42dpf_GroupA_n1c_20210703_2021-07-03-155853
96,July,PA_sat_42dpf_GroupA_n1d_20210703,PA_sat_42dpf_GroupA_n1d_20210703_2021-07-03-155818-0000.raw,PA_sat_42dpf_GroupA_n1d_20210703_2021-07-03-155818
97,July,PA_Sat_42dpf_GroupA_n1e_20210703,PA_Sat_42dpf_GroupA_n1e_20210703_2021-07-03-163334-0000.raw,PA_Sat_42dpf_GroupA_n1e_20210703_2021-07-03-163334
98,July,PA_Sat_42dpf_GroupA_n1g_20210703,PA_Sat_42dpf_GroupA_n1g_20210703_2021-07-03-174919-0000.raw,PA_Sat_42dpf_GroupA_n1g_20210703_2021-07-03-174919
99,July,PA_sat_42dpf_GroupA_n2_20210703,PA_sat_42dpf_GroupA_n2_20210703_2021-07-03-163259-0000.raw,PA_sat_42dpf_GroupA_n2_20210703_2021-07-03-163259
100,July,PA_Sat_42dpf_GroupB_n1f_20210703,PA_Sat_42dpf_GroupB_n1f_20210703_2021-07-03-171053-0000.raw,PA_Sat_42dpf_GroupB_n1f_20210703_2021-07-03-171053
101,July,PA_sat_42dpf_GroupB_n1h_20210703,PA_sat_42dpf_GroupB_n1h_20210703_2021-07-03-174845-0000.raw,PA_sat_42dpf_GroupB_n1h_20210703_2021-07-03-174845
102,July,PA_sat_42dpf_GroupB_n5_20210703,PA_sat_42dpf_GroupB_n5_20210703_2021-07-03-171019-0000.raw,PA_sat_42dpf_GroupB_n5_20210703_2021-07-03-171019
103,July,sf_sun_70dpf_groupAB_n1_20210704,sf_sun_70dpf_groupAB_n1_20210704_2021-07-04-120727-0000.raw,sf_sun_70dpf_groupAB_n1_20210704_2021-07-04-120727
104,July,sf_sun_70dpf_groupBC_n2b_20210704,sf_sun_70dpf_groupBC_n2b_20210704_2021-07-04-113237-0000.raw,sf_sun_70dpf_groupBC_n2b_20210704_2021-07-04-113237
105,July,sf_thur_70dpf_groupA_n2b_20210715,sf_thur_70dpf_groupA_n2b_20210715_2021-07-15-150654-0000.raw,sf_thur_70dpf_groupA_n2b_20210715_2021-07-15-150654
106,July,sf_thur_70dpf_groupA_n2_20210715,sf_thur_70dpf_groupA_n2_20210715_2021-07-15-143316-0000.raw,sf_thur_70dpf_groupA_n2_20210715_2021-07-15-143316
107,July,sf_thur_70dpf_groupB_n1_20210715,sf_thur_70dpf_groupB_n1_20210715_2021-07-15-135919-0000.raw,sf_thur_70dpf_groupB_n1_20210715_2021-07-15-135919
108,July,sf_thur_70dpf_groupB_n2_20210715,sf_thur_70dpf_groupB_n2_20210715_2021-07-15-132453-0000.raw,sf_thur_70dpf_groupB_n2_20210715_2021-07-15-132453
109,June,sf_wed_56dpf_groupA_n1_20210602,sf_wed_56dpf_groupA_n1_20210602_2021-06-02-144104-0000.raw,sf_wed_56dpf_groupA_n1_20210602_2021-06-02-144104
110,June,sf_wed_56dpf_groupA_n2_20210602,sf_wed_56dpf_groupA_n2_20210602_2021-06-02-140810-0000.raw,sf_wed_56dpf_groupA_n2_20210602_2021-06-02-140810
111,June,pa_sat_56dpf_groupA_n2b_20210605,pa_sat_56dpf_groupA_n2b_20210605_2021-06-05-120852-0000.raw,pa_sat_56dpf_groupA_n2b_20210605_2021-06-05-120852
112,June,pa_sat_56dpf_groupA_n2_20210605,pa_sat_56dpf_groupA_n2_20210605_2021-06-05-113140-0000.raw,pa_sat_56dpf_groupA_n2_20210605_2021-06-05-113140
113,June,pa_sat_56dpf_groupA_n5_20210605,pa_sat_56dpf_groupA_n5_20210605_2021-06-05-101754-0000.raw,pa_sat_56dpf_groupA_n5_20210605_2021-06-05-101754
114,June,pa_sat_56dpf_groupB_n2_20210605,pa_sat_56dpf_groupB_n2_20210605_2021-06-05-124539-0000.raw,pa_sat_56dpf_groupB_n2_20210605_2021-06-05-124539
115,June,pa_sat_56dpf_groupB_n5_20210605,pa_sat_56dpf_groupB_n5_20210605_2021-06-05-105715-0000.raw,pa_sat_56dpf_groupB_n5_20210605_2021-06-05-105715
116,June,SF_sat_42dpf_groupA_n1_20210606,SF_sat_42dpf_groupA_n1_20210606_2021-06-06-134115-0000.raw,SF_sat_42dpf_groupA_n1_20210606_2021-06-06-134115
117,June,SF_sat_42dpf_groupA_n2_20210606,SF_sat_42dpf_groupA_n2_20210606_2021-06-06-134103-0000.raw,SF_sat_42dpf_groupA_n2_20210606_2021-06-06-134103
118,June,SF_sat_42dpf_GroupA_n5a_20210606,SF_sat_42dpf_GroupA_n5a_20210606_2021-06-06-122125-0000.raw,SF_sat_42dpf_GroupA_n5a_20210606_2021-06-06-122125
119,June,SF_sat_42dpf_groupB_n2_20210606,SF_sat_42dpf_groupB_n2_20210606_2021-06-06-142207-0000.raw,SF_sat_42dpf_groupB_n2_20210606_2021-06-06-142207
120,June,SF_sat_42dpf_groupB_n5_20210606,SF_sat_groupB_n5_20210606_2021-06-06-142155-0000.raw,SF_sat_groupB_n5_20210606_2021-06-06-142155
121,June,SF_sat_42dpf_groupC_n2a_20210606,SF_sat_42dpf_groupC_n2a_20210606_2021-06-06-150024-0000.raw,SF_sat_42dpf_groupC_n2a_20210606_2021-06-06-150024
122,June,SF_sat_42dpf_groupC_n2b_20210606,SF_sat_42dpf_groupC_n2b_20210606_2021-06-06-153648-0000.raw,SF_sat_42dpf_groupC_n2b_20210606_2021-06-06-153648
123,June,SF_sat_42dpf_GroupC_n2c_20210606,SF_sat_42dpf_GroupC_n2c_20210606_2021-06-06-153639-0000.raw,SF_sat_42dpf_GroupC_n2c_20210606_2021-06-06-153639
124,June,SF_sat_42dpf_groupC_n5_20210606,SF_sat_42dpf_groupC_n5_20210606_2021-06-06-150012-0000.raw,SF_sat_42dpf_groupC_n5_20210606_2021-06-06-150012
125,June,sf_sun_42dpf_groupD_n2_20210607,sf_sun_42dpf_groupD_n2_20210607_2021-06-07-145045-0000.raw,sf_sun_42dpf_groupD_n2_20210607_2021-06-07-145045
126,June,sf_sun_42dpf_groupD_n5_20210607,sf_sun_42dpf_groupD_n5_20210607_2021-06-07-145052-0000.raw,sf_sun_42dpf_groupD_n5_20210607_2021-06-07-145052
127,June,sf_thur_42dpf_groupA_n1_20210617,sf_thur_42dpf_groupA_n1_20210617_2021-06-17-151552-0000.raw,sf_thur_42dpf_groupA_n1_20210617_2021-06-17-151552
128,June,sf_thur_42dpf_groupA_n2_20210617,sf_thur_42dpf_groupA_n2_20210617_2021-06-17-143815-0000.raw,sf_thur_42dpf_groupA_n2_20210617_2021-06-17-143815
129,June,Pa_sat_28dpf_GroupA_n1_06192021,Pa_sat_28dpf_GroupA_n1_06192021_2021-06-19-161143-0000.raw,Pa_sat_28dpf_GroupA_n1_06192021_2021-06-19-161143
130,June,Pa_sat_28dpf_groupA_n5a_06192021,Pa_sat_28dpf_groupA_n5a_06192021_2021-06-19-152924-0000.raw,Pa_sat_28dpf_groupA_n5a_06192021_2021-06-19-152924
131,June,Pa_sat_28dpf_GroupA_n5b_06192021,Pa_sat_28dpf_GroupA_n5b_06192021_2021-06-19-122917-0000.raw,Pa_sat_28dpf_GroupA_n5b_06192021_2021-06-19-122917
132,June,Pa_sat_28dpf_GroupA_n5c_06192021,Pa_sat_28dpf_GroupA_n5c_06192021_2021-06-19-131157-0000.raw,Pa_sat_28dpf_GroupA_n5c_06192021_2021-06-19-131157
133,June,Pa_sat_28dpf_groupB_n1a_06192021,Pa_sat_28dpf_groupB_n1a_06192021_2021-06-19-171841-0000.raw,Pa_sat_28dpf_groupB_n1a_06192021_2021-06-19-171841
134,June,Pa_sat_28dpf_GroupB_n1b_06192021,Pa_sat_28dpf_GroupB_n1b_06192021_2021-06-19-141853-0000.raw,Pa_sat_28dpf_GroupB_n1b_06192021_2021-06-19-141853
135,June,Pa_sat_28dpf_GroupB_n1c_06192021,Pa_sat_28dpf_GroupB_n1c_06192021_2021-06-19-145234-0000.raw,Pa_sat_28dpf_GroupB_n1c_06192021_2021-06-19-145234
136,June,Pa_sat_28dpf_groupB_n1d_06192021,Pa_sat_28dpf_groupB_n1d_06192021_2021-06-19-175213-0000.raw,Pa_sat_28dpf_groupB_n1d_06192021_2021-06-19-175213
137,June,Pa_sat_28dpf_GroupB_n2_06192021,Pa_sat_28dpf_GroupB_n2_06192021_2021-06-19-134543-0000.raw,Pa_sat_28dpf_GroupB_n2_06192021_2021-06-19-134543
138,June,Pa_sat_28dpf_groupB_n5_06192021,Pa_sat_28dpf_groupB_n5_06192021_2021-06-19-164530-0000.raw,Pa_sat_28dpf_groupB_n5_06192021_2021-06-19-164530
139,LateJuly,sf_thur_70dpf_groupa_n1_20210923,sf_thur_84dpf_groupa_n1_20210923_2021-09-23-132314-0000.raw,sf_thur_84dpf_groupa_n1_20210923_2021-09-23-132314
140,LateJuly,sf_thur_70dpf_groupa_n5_20210923,sf_thur_84dpf_groupa_n5_20210923_2021-09-23-132517-0000.raw,sf_thur_84dpf_groupa_n5_20210923_2021-09-23-132517
141,LateJuly,sf_thur_70dpf_groupb_n2_20210923,sf_thur_84dpf_groupb_n2_20210923_2021-09-23-135125-0000.raw,sf_thur_84dpf_groupb_n2_20210923_2021-09-23-135125
142,LateJuly,sf_thur_70dpf_groupb_n5_20210923,sf_thur_84dpf_groupb_n5_20210923_2021-09-23-135330-0000.raw,sf_thur_84dpf_groupb_n5_20210923_2021-09-23-135330
143,LateJuly,sf_thur_70dpf_groupc_n2_20210923,sf_thur_84dpf_groupc_n2_20210923_2021-09-23-142924-0000.raw,sf_thur_84dpf_groupc_n2_20210923_2021-09-23-142924
144,LateJuly,sf_thur_70dpf_groupc_n5_20210923,sf_thur_84dpf_groupc_n5_20210923_2021-09-23-143142-0000.raw,sf_thur_84dpf_groupc_n5_20210923_2021-09-23-143142
145,LateJuly,sf_thur_70dpf_groupd_n5_20210923,sf_thur_84dpf_groupd_n5_20210923_2021-09-23-151026-0000.raw,sf_thur_84dpf_groupd_n5_20210923_2021-09-23-151026
146,LateJuly,sf_thur_70dpf_groupe_n5b_20210923,sf_thur_84dpf_groupe_n5b_20210923_2021-09-23-161937-0000.raw,sf_thur_84dpf_groupe_n5b_20210923_2021-09-23-161937
147,LateJuly,sf_thur_70dpf_groupe_n5_20210923,sf_thur_84dpf_groupe_n5_20210923_2021-09-23-154645-0000.raw,sf_thur_84dpf_groupe_n5_20210923_2021-09-23-154645
148,LateJuly,pa_thur_70dpf_groupa_n1_20210729,pa_thur_70dpf_groupa_n1_20210729_2021-07-29-151930-0000.raw,pa_thur_70dpf_groupa_n1_20210729_2021-07-29-151930
149,LateJuly,pa_thur_70dpf_groupa_n2_20210729,pa_thur_70dpf_groupa_n2_20210729_2021-07-29-144626-0000.raw,pa_thur_70dpf_groupa_n2_20210729_2021-07-29-144626
150,LateJuly,pa_thur_70dpf_groupb_n2_20210729,pa_thur_70dpf_groupb_n2_20210729_2021-07-29-141422-0000.raw,pa_thur_70dpf_groupb_n2_20210729_2021-07-29-141422
151,LateJuly,pa_thur_70dpf_groupb_n5_20210729,pa_thur_70dpf_groupb_n5_20210729_2021-07-29-134021-0000.raw,pa_thur_70dpf_groupb_n5_20210729_2021-07-29-134021
152,LateJuly,pa_sat_70dpf_groupA_n1_20210731,pa_sat_70dpf_groupA_n1_20210731_2021-07-31-150316-0000.raw,pa_sat_70dpf_groupA_n1_20210731_2021-07-31-150316
153,LateJuly,pa_sat_70dpf_groupA_n2_20210731,pa_sat_70dpf_groupA_n2_20210731_2021-07-31-143046-0000.raw,pa_sat_70dpf_groupA_n2_20210731_2021-07-31-143046
154,LateJuly,pa_sat_70dpf_groupA_n5_20210731,pa_sat_70dpf_groupA_n5_20210731_2021-07-31-135759-0000.raw,pa_sat_70dpf_groupA_n5_20210731_2021-07-31-135759
155,LateJuly,pa_sat_70dpf_groupB_n2_20210731,pa_sat_70dpf_groupB_n2_20210731_2021-07-31-161215-0000.raw,pa_sat_70dpf_groupB_n2_20210731_2021-07-31-161215
156,LateJuly,pa_sat_70dpf_groupB_n5_20210731,pa_sat_70dpf_groupB_n5_20210731_2021-07-31-153901-0000.raw,pa_sat_70dpf_groupB_n5_20210731_2021-07-31-153901
157,LateJuly,pa_tue_28dpf_groupA_n2_20210817,pa_tue_28dpf_groupA_n2_20210817_2021-08-17-130400-0000.raw,pa_tue_28dpf_groupA_n2_20210817_2021-08-17-130400
158,LateJuly,pa_tue_28dpf_groupA_n5_20210817,pa_tue_28dpf_groupA_n5_20210817_2021-08-17-122701-0000.raw,pa_tue_28dpf_groupA_n5_20210817_2021-08-17-122701
159,LateJuly,pa_tue_70dpf_groupa_n2_20210928,pa_tue_70dpf_groupa_n2_20210928_2021-09-28-154043-0000.raw,pa_tue_70dpf_groupa_n2_20210928_2021-09-28-154043
160,LateJuly,pa_tue_70dpf_groupa_n5_20210928,pa_tue_70dpf_groupa_n5_20210928_2021-09-28-150805-0000.raw,pa_tue_70dpf_groupa_n5_20210928_2021-09-28-150805
161,LateJuly,pa_tue_70dpf_groupb_n5b_20210928,pa_tue_70dpf_groupb_n5b_20210928_2021-09-28-124511-0000.raw,pa_tue_70dpf_groupb_n5b_20210928_2021-09-28-124511
162,LateJuly,pa_tue_70dpf_groupb_n5c_20210928,pa_tue_70dpf_groupb_n5c_20210928_2021-09-28-131831-0000.raw,pa_tue_70dpf_groupb_n5c_20210928_2021-09-28-131831
163,LateJuly,pa_tue_70dpf_groupb_n5d_20210928,pa_tue_70dpf_groupb_n5d_20210928_2021-09-28-135124-0000.raw,pa_tue_70dpf_groupb_n5d_20210928_2021-09-28-135124
164,LateJuly,pa_tue_70dpf_groupb_n5_20210928,pa_tue_70dpf_groupb_n5_20210928_2021-09-28-121236-0000.raw,pa_tue_70dpf_groupb_n5_20210928_2021-09-28-121236
165,LateJuly,pa_tue_70dpf_groupc_n2_20210928,pa_tue_70dpf_groupc_n2_20210928_2021-09-28-161330-0000.raw,pa_tue_70dpf_groupc_n2_20210928_2021-09-28-161330
166,LateJuly,pa_tue_70dpf_groupc_n5_20210928,pa_tue_70dpf_groupc_n5_20210928_2021-09-28-142803-0000.raw,pa_tue_70dpf_groupc_n5_20210928_2021-09-28-142803
167,midMay,sf_wed_42dpf_groupA_n2b_20210519,sf_wed_42dpf_groupA_n2b_20210519_2021-05-19-110830-0000.raw,sf_wed_42dpf_groupA_n2b_20210519_2021-05-19-110830
168,midMay,sf_wed_42dpf_groupA_n2_20210519,sf_wed_42dpf_groupA_n2_20210519_2021-05-19-102921-0000.raw,sf_wed_42dpf_groupA_n2_20210519_2021-05-19-102921
169,midMay,sf_wed_42dpf_groupA_n5_20210519,sf_wed_42dpf_groupA_n5_20210519_2021-05-19-103202-0000.raw,sf_wed_42dpf_groupA_n5_20210519_2021-05-19-103202
170,midMay,sf_wed_42dpf_groupB_n5_20210519,sf_wed_42dpf_groupB_n5_20210519_2021-05-19-111115-0000.raw,sf_wed_42dpf_groupB_n5_20210519_2021-05-19-111115
171,midMay,pa_sat_42dpf_groupA_n2_20210522,pa_sat_42dpf_groupA_n2_20210522_2021-05-22-094157-0000.raw,pa_sat_42dpf_groupA_n2_20210522_2021-05-22-094157
172,midMay,pa_sat_42dpf_groupA_n5_20210522,pa_sat_42dpf_groupA_n5_20210522_2021-05-22-094630-0000.raw,pa_sat_42dpf_groupA_n5_20210522_2021-05-22-094630
173,midMay,pa_sat_42dpf_groupB_n2_20210522,pa_sat_42dpf_groupB_n2_20210522_2021-05-22-090613-0000.raw,pa_sat_42dpf_groupB_n2_20210522_2021-05-22-090613
174,midMay,pa_sat_42dpf_groupB_n5b_20210522,pa_sat_42dpf_groupB_n5b_20210522_2021-05-22-081803-0000.raw,pa_sat_42dpf_groupB_n5b_20210522_2021-05-22-081803
175,midMay,pa_sat_42dpf_groupB_n5_20210522,pa_sat_42dpf_groupB_n5_20210522_2021-05-22-082249-0000.raw,pa_sat_42dpf_groupB_n5_20210522_2021-05-22-082249
176,midMay,sf_sun_28dpf_groupA_n5b_20210523,sf_sun_groupA_28dpf_groupA_n5b_20210523_2021-05-23-113520-0000.raw,sf_sun_groupA_28dpf_groupA_n5b_20210523_2021-05-23-113520
177,midMay,sf_sun_28dpf_groupA_n5c_20210523,sf_sun_28dpf_groupA_n5c_20210523_2021-05-23-114249-0000.raw,sf_sun_28dpf_groupA_n5c_20210523_2021-05-23-114249
178,midMay,sf_sun_28dpf_groupA_n5_20210523,sf_sun_28dpf_groupA_n5_20210523_2021-05-23-114710-0000.raw,sf_sun_28dpf_groupA_n5_20210523_2021-05-23-114710
179,midMay,sf_sun_28dpf_groupB_n5b_20210523,sf_sun_groupA_28dpf_groupB_n5b_20210523_2021-05-23-121946-0000.raw,sf_sun_groupA_28dpf_groupB_n5b_20210523_2021-05-23-121946
180,midMay,sf_sun_28dpf_groupB_n5c_20210523,sf_sun_28dpf_groupB_n5c_20210523_2021-05-23-122703-0000.raw,sf_sun_28dpf_groupB_n5c_20210523_2021-05-23-122703
181,midMay,sf_sun_28dpf_groupB_n5_20210523,sf_sun_28dpf_groupA_n5_20210523_2021-05-23-123138-0000.raw,sf_sun_28dpf_groupA_n5_20210523_2021-05-23-123138
182,midMay,sf_sun_28dpf_groupC_n2_20210523,sf_sun_28dpf_groupC_n2_20210523_2021-05-23-130729-0000.raw,sf_sun_28dpf_groupC_n2_20210523_2021-05-23-130729
183,midMay,sf_sun_28dpf_groupC_n5b_20210523,sf_sun_groupC_28dpf_n5b_20210523_2021-05-23-125959-0000.raw,sf_sun_groupC_28dpf_n5b_20210523_2021-05-23-125959
184,midMay,sf_sun_28dpf_groupC_n5_20210523,sf_sun_28dpf_groupC_n5_20210523_2021-05-23-131149-0000.raw,sf_sun_28dpf_groupC_n5_20210523_2021-05-23-131149
185,midMay,sf_sun_28dpf_groupD_n2b_20210523,sf_sun_groupD_28dpf_n2b_20210523_2021-05-23-133745-0000.raw,sf_sun_groupD_28dpf_n2b_20210523_2021-05-23-133745
186,midMay,sf_sun_28dpf_groupD_n2c_20210523,sf_sun_28dpf_groupD_n2c_20210523_2021-05-23-134515-0000.raw,sf_sun_28dpf_groupD_n2c_20210523_2021-05-23-134515
187,midMay,sf_sun_28dpf_groupD_n2_20210523,sf_sun_28dpf_groupD_n2_20210523_2021-05-23-134937-0000.raw,sf_sun_28dpf_groupD_n2_20210523_2021-05-23-134937
188,midMay,pa_wed_56dpf_groupA_n5_20210526,pa_wed_56dpf_groupA_n5_20210526_2021-05-26-114522-0000.raw,pa_wed_56dpf_groupA_n5_20210526_2021-05-26-114522
189,midMay,pa_wed_56dpf_groupB_n2_20210526,pa_wed_56dpf_groupB_n2_20210526_2021-05-26-121915-0000.raw,pa_wed_56dpf_groupB_n2_20210526_2021-05-26-121915
190,midMay,pa_wed_56dpf_groupC_n5_20210526,pa_wed_56dpf_groupC_n5_20210526_2021-05-26-111129-0000.raw,pa_wed_56dpf_groupC_n5_20210526_2021-05-26-111129
191,midMay,pa_wed_56dpf_groupD_n2_20210526,pa_wed_56dpf_groupD_n2_20210526_2021-05-26-103854-0000.raw,pa_wed_56dpf_groupD_n2_20210526_2021-05-26-103854
192,midMay,pa_wed_56dpf_groupD_n5_20210526,pa_wed_56dpf_groupD_n5_20210526_2021-05-26-100200-0000.raw,pa_wed_56dpf_groupD_n5_20210526_2021-05-26-100200
193,June,SF_sat_42dpf_groupA_n5b_20210606,SF_sat_42dpf_groupA_n5b_20210606_2021-06-06-122131-0000.raw,SF_sat_42dpf_groupA_n5b_20210606_2021-06-06-122136
194,April,SF_wed_7dpf_groupB_n2_202104141556,SF_wed_7dpf_groupB_n2b_2021-04-14-155647-0000.raw,SF_wed_7dpf_groupB_n2_2021-04-14-155647
195,None,SF_Fri_70dpf_GroupA_n5_2020-08-13_2021-08-13-162423,None,SF_Fri_70dpf_GroupA_n5_2020-08-13_2021-08-13-162423
196,None,SF_Fri_70dpf_GroupB_n5_2020-08-13_2021-08-13-170312,None,SF_Fri_70dpf_GroupB_n5_2020-08-13_2021-08-13-170312
197,None,sf_thur_7dpf_groupA_n2c_20210513_2021-05-13-112430,None,sf_thur_7dpf_groupA_n2c_20210513_2021-05-13-112430
198,None,sf_thur_7dpf_groupA_n5d_20210513_2021-05-13-120301,None,sf_thur_7dpf_groupA_n5d_20210513_2021-05-13-120301
199,None,sf_thur_7dpf_groupA_n5_2021-05-13-104024_PGM,None,sf_thur_7dpf_groupA_n5_2021-05-13-104024_PGM
200,None,sf_thur_7dpf_groupB_n1b_20210513_2021-05-13-132114,None,sf_thur_7dpf_groupB_n1b_20210513_2021-05-13-132114
201,None,sf_thur_7dpf_groupB_n5b_20210513_2021-05-13-124456,None,sf_thur_7dpf_groupB_n5b_20210513_2021-05-13-124456
